priority,level,lesson_code,lesson_title,asset_type,speed,file_name,storage_path,text_nl,notes
"P0","A0","A0-01","Pedir Ajuda Quando Nao Entendo","word","natural","sorry.native.nl.mp3","audio/A0-01/words/sorry.native.nl.mp3","sorry","Record isolated word clearly"
"P0","A0","A0-01","Pedir Ajuda Quando Nao Entendo","word","natural","ik.native.nl.mp3","audio/A0-01/words/ik.native.nl.mp3","ik","Record isolated word clearly"
"P0","A0","A0-01","Pedir Ajuda Quando Nao Entendo","word","natural","begrijp.native.nl.mp3","audio/A0-01/words/begrijp.native.nl.mp3","begrijp","Record isolated word clearly"
"P0","A0","A0-01","Pedir Ajuda Quando Nao Entendo","word","natural","het.native.nl.mp3","audio/A0-01/words/het.native.nl.mp3","het","Record isolated word clearly"
"P0","A0","A0-01","Pedir Ajuda Quando Nao Entendo","word","natural","niet.native.nl.mp3","audio/A0-01/words/niet.native.nl.mp3","niet","Record isolated word clearly"
"P0","A0","A0-01","Pedir Ajuda Quando Nao Entendo","word","natural","kunt.native.nl.mp3","audio/A0-01/words/kunt.native.nl.mp3","kunt","Record isolated word clearly"
"P0","A0","A0-01","Pedir Ajuda Quando Nao Entendo","word","natural","u.native.nl.mp3","audio/A0-01/words/u.native.nl.mp3","u","Optional review item"
"P0","A0","A0-01","Pedir Ajuda Quando Nao Entendo","word","natural","mij.native.nl.mp3","audio/A0-01/words/mij.native.nl.mp3","mij","Optional review item"
"P0","A0","A0-01","Pedir Ajuda Quando Nao Entendo","word","natural","helpen.native.nl.mp3","audio/A0-01/words/helpen.native.nl.mp3","helpen","Optional review item"
"P0","A0","A0-01","Pedir Ajuda Quando Nao Entendo","word","natural","herhalen.native.nl.mp3","audio/A0-01/words/herhalen.native.nl.mp3","herhalen","Optional review item"
"P0","A0","A0-01","Pedir Ajuda Quando Nao Entendo","word","natural","langzaam.native.nl.mp3","audio/A0-01/words/langzaam.native.nl.mp3","langzaam","Optional review item"
"P0","A0","A0-01","Pedir Ajuda Quando Nao Entendo","word","natural","spreken.native.nl.mp3","audio/A0-01/words/spreken.native.nl.mp3","spreken","Optional review item"
"P0","A0","A0-01","Pedir Ajuda Quando Nao Entendo","phrase","slow","sorry-ik-begrijp-het-niet.slow.native.nl.mp3","audio/A0-01/phrases/sorry-ik-begrijp-het-niet.slow.native.nl.mp3","Sorry, ik begrijp het niet.","Record slowly, with clear pauses."
"P0","A0","A0-01","Pedir Ajuda Quando Nao Entendo","phrase","natural","sorry-ik-begrijp-het-niet.native.nl.mp3","audio/A0-01/phrases/sorry-ik-begrijp-het-niet.native.nl.mp3","Sorry, ik begrijp 't niet.","Record at natural Dutch speed."
"P0","A0","A0-01","Pedir Ajuda Quando Nao Entendo","phrase","slow","kunt-u-mij-helpen.slow.native.nl.mp3","audio/A0-01/phrases/kunt-u-mij-helpen.slow.native.nl.mp3","Kunt u mij helpen?","Record slowly, with clear pauses."
"P0","A0","A0-01","Pedir Ajuda Quando Nao Entendo","phrase","natural","kunt-u-mij-helpen.native.nl.mp3","audio/A0-01/phrases/kunt-u-mij-helpen.native.nl.mp3","Kunt u mij helpen?","Record at natural Dutch speed."
"P0","A0","A0-01","Pedir Ajuda Quando Nao Entendo","phrase","slow","kunt-u-dat-herhalen.slow.native.nl.mp3","audio/A0-01/phrases/kunt-u-dat-herhalen.slow.native.nl.mp3","Kunt u dat herhalen?","Record slowly, with clear pauses."
"P0","A0","A0-01","Pedir Ajuda Quando Nao Entendo","phrase","natural","kunt-u-dat-herhalen.native.nl.mp3","audio/A0-01/phrases/kunt-u-dat-herhalen.native.nl.mp3","Kunt u dat herhalen?","Record at natural Dutch speed."
"P0","A0","A0-01","Pedir Ajuda Quando Nao Entendo","phrase","slow","kunt-u-langzaam-spreken.slow.native.nl.mp3","audio/A0-01/phrases/kunt-u-langzaam-spreken.slow.native.nl.mp3","Kunt u langzaam spreken?","Record slowly, with clear pauses."
"P0","A0","A0-01","Pedir Ajuda Quando Nao Entendo","phrase","natural","kunt-u-langzaam-spreken.native.nl.mp3","audio/A0-01/phrases/kunt-u-langzaam-spreken.native.nl.mp3","Kunt u langzaam spreken?","Record at natural Dutch speed."
"P0","A0","A0-01","Pedir Ajuda Quando Nao Entendo","phrase","slow","spreekt-u-engels.slow.native.nl.mp3","audio/A0-01/phrases/spreekt-u-engels.slow.native.nl.mp3","Spreekt u Engels?","Record slowly, with clear pauses. Optional review phrase."
"P0","A0","A0-01","Pedir Ajuda Quando Nao Entendo","phrase","natural","spreekt-u-engels.native.nl.mp3","audio/A0-01/phrases/spreekt-u-engels.native.nl.mp3","Spreekt u Engels?","Record at natural Dutch speed. Optional review phrase."
"P0","A0","A0-01","Pedir Ajuda Quando Nao Entendo","phrase","slow","ik-spreek-een-beetje-nederlands.slow.native.nl.mp3","audio/A0-01/phrases/ik-spreek-een-beetje-nederlands.slow.native.nl.mp3","Ik spreek een beetje Nederlands.","Record slowly, with clear pauses. Optional review phrase."
"P0","A0","A0-01","Pedir Ajuda Quando Nao Entendo","phrase","natural","ik-spreek-een-beetje-nederlands.native.nl.mp3","audio/A0-01/phrases/ik-spreek-een-beetje-nederlands.native.nl.mp3","Ik spreek 'n beetje Nederlands.","Record at natural Dutch speed. Optional review phrase."
"P1","A0","A0-01","Pedir Ajuda Quando Nao Entendo","dialogue","natural","a0-01-mini-dialogue.native.nl.mp3","audio/A0-01/dialogues/a0-01-mini-dialogue.native.nl.mp3","Medewerker: Goedemorgen. Heeft u een afspraak? / Student: Sorry, ik begrijp het niet. / Medewerker: Heeft u een afspraak? / Student: Kunt u langzaam spreken? / Medewerker: Ja, natuurlijk. Heeft u een afspraak? / Student: Ja. Ik heb een afspraak.","Record as a short two-person dialogue with natural interaction"
"P1","A0","A0-02","Alfabeto e sons do neerlandes","word","natural","alfabet.native.nl.mp3","audio/A0-02/words/alfabet.native.nl.mp3","alfabet","Record isolated word clearly"
"P1","A0","A0-02","Alfabeto e sons do neerlandes","word","natural","letter.native.nl.mp3","audio/A0-02/words/letter.native.nl.mp3","letter","Record isolated word clearly"
"P1","A0","A0-02","Alfabeto e sons do neerlandes","word","natural","naam.native.nl.mp3","audio/A0-02/words/naam.native.nl.mp3","naam","Record isolated word clearly"
"P1","A0","A0-02","Alfabeto e sons do neerlandes","word","natural","spellen.native.nl.mp3","audio/A0-02/words/spellen.native.nl.mp3","spellen","Record isolated word clearly"
"P1","A0","A0-02","Alfabeto e sons do neerlandes","word","natural","adres.native.nl.mp3","audio/A0-02/words/adres.native.nl.mp3","adres","Record isolated word clearly"
"P1","A0","A0-02","Alfabeto e sons do neerlandes","word","natural","postcode.native.nl.mp3","audio/A0-02/words/postcode.native.nl.mp3","postcode","Record isolated word clearly"
"P1","A0","A0-02","Alfabeto e sons do neerlandes","phrase","slow","kunt-u-dat-spellen.slow.native.nl.mp3","audio/A0-02/phrases/kunt-u-dat-spellen.slow.native.nl.mp3","Kunt u dat spellen?","Record slowly, with clear pauses."
"P1","A0","A0-02","Alfabeto e sons do neerlandes","phrase","natural","kunt-u-dat-spellen.native.nl.mp3","audio/A0-02/phrases/kunt-u-dat-spellen.native.nl.mp3","Kuntu dat spellen?","Record at natural Dutch speed."
"P1","A0","A0-02","Alfabeto e sons do neerlandes","phrase","slow","wat-is-uw-naam.slow.native.nl.mp3","audio/A0-02/phrases/wat-is-uw-naam.slow.native.nl.mp3","Wat is uw naam?","Record slowly, with clear pauses."
"P1","A0","A0-02","Alfabeto e sons do neerlandes","phrase","natural","wat-is-uw-naam.native.nl.mp3","audio/A0-02/phrases/wat-is-uw-naam.native.nl.mp3","Wat is uw naam?","Record at natural Dutch speed."
"P1","A0","A0-02","Alfabeto e sons do neerlandes","phrase","slow","mijn-naam-is.slow.native.nl.mp3","audio/A0-02/phrases/mijn-naam-is.slow.native.nl.mp3","Mijn naam is Henrique.","Record slowly, with clear pauses."
"P1","A0","A0-02","Alfabeto e sons do neerlandes","phrase","natural","mijn-naam-is.native.nl.mp3","audio/A0-02/phrases/mijn-naam-is.native.nl.mp3","Mijn naam is Henrique.","Record at natural Dutch speed."
"P1","A0","A0-02","Alfabeto e sons do neerlandes","phrase","slow","is-dat-met-een-a.slow.native.nl.mp3","audio/A0-02/phrases/is-dat-met-een-a.slow.native.nl.mp3","Is dat met een A?","Record slowly, with clear pauses."
"P1","A0","A0-02","Alfabeto e sons do neerlandes","phrase","natural","is-dat-met-een-a.native.nl.mp3","audio/A0-02/phrases/is-dat-met-een-a.native.nl.mp3","Is dat met een A?","Record at natural Dutch speed."
"P1","A0","A0-02","Alfabeto e sons do neerlandes","dialogue","natural","a0-02-mini-dialogue.native.nl.mp3","audio/A0-02/dialogues/a0-02-mini-dialogue.native.nl.mp3","Pessoa: Goedemorgen. / Aluno: Goedemorgen. / Pessoa: Kunt u dat spellen? / Aluno: Sorry, ik begrijp het niet. Kunt u dat herhalen? / Pessoa: Wat is uw naam? / Aluno: Dank u wel.","Record as a short two-person dialogue with natural interaction"
"P1","A0","A0-03","Pronuncia essencial","word","natural","graag.native.nl.mp3","audio/A0-03/words/graag.native.nl.mp3","graag","Record isolated word clearly"
"P1","A0","A0-03","Pronuncia essencial","word","natural","goed.native.nl.mp3","audio/A0-03/words/goed.native.nl.mp3","goed","Record isolated word clearly"
"P1","A0","A0-03","Pronuncia essencial","word","natural","huis.native.nl.mp3","audio/A0-03/words/huis.native.nl.mp3","huis","Record isolated word clearly"
"P1","A0","A0-03","Pronuncia essencial","word","natural","mijn.native.nl.mp3","audio/A0-03/words/mijn.native.nl.mp3","mijn","Record isolated word clearly"
"P1","A0","A0-03","Pronuncia essencial","word","natural","spreek.native.nl.mp3","audio/A0-03/words/spreek.native.nl.mp3","spreek","Record isolated word clearly"
"P1","A0","A0-03","Pronuncia essencial","word","natural","nederlands.native.nl.mp3","audio/A0-03/words/nederlands.native.nl.mp3","Nederlands","Record isolated word clearly"
"P1","A0","A0-03","Pronuncia essencial","phrase","slow","ik-spreek-een-beetje-nederlands.slow.native.nl.mp3","audio/A0-03/phrases/ik-spreek-een-beetje-nederlands.slow.native.nl.mp3","Ik spreek een beetje Nederlands.","Record slowly, with clear pauses."
"P1","A0","A0-03","Pronuncia essencial","phrase","natural","ik-spreek-een-beetje-nederlands.native.nl.mp3","audio/A0-03/phrases/ik-spreek-een-beetje-nederlands.native.nl.mp3","Ik spreek 'n beetje Nederlands.","Record at natural Dutch speed."
"P1","A0","A0-03","Pronuncia essencial","phrase","slow","hoe-zegt-u-dat.slow.native.nl.mp3","audio/A0-03/phrases/hoe-zegt-u-dat.slow.native.nl.mp3","Hoe zegt u dat?","Record slowly, with clear pauses."
"P1","A0","A0-03","Pronuncia essencial","phrase","natural","hoe-zegt-u-dat.native.nl.mp3","audio/A0-03/phrases/hoe-zegt-u-dat.native.nl.mp3","Hoe zegtu dat?","Record at natural Dutch speed."
"P1","A0","A0-03","Pronuncia essencial","phrase","slow","luister-en-herhaal.slow.native.nl.mp3","audio/A0-03/phrases/luister-en-herhaal.slow.native.nl.mp3","Luister en herhaal.","Record slowly, with clear pauses."
"P1","A0","A0-03","Pronuncia essencial","phrase","natural","luister-en-herhaal.native.nl.mp3","audio/A0-03/phrases/luister-en-herhaal.native.nl.mp3","Luister en herhaal.","Record at natural Dutch speed."
"P1","A0","A0-03","Pronuncia essencial","phrase","slow","ik-hoor-het-verschil.slow.native.nl.mp3","audio/A0-03/phrases/ik-hoor-het-verschil.slow.native.nl.mp3","Ik hoor het verschil.","Record slowly, with clear pauses."
"P1","A0","A0-03","Pronuncia essencial","phrase","natural","ik-hoor-het-verschil.native.nl.mp3","audio/A0-03/phrases/ik-hoor-het-verschil.native.nl.mp3","Ik hoor 't verschil.","Record at natural Dutch speed."
"P1","A0","A0-03","Pronuncia essencial","dialogue","natural","a0-03-mini-dialogue.native.nl.mp3","audio/A0-03/dialogues/a0-03-mini-dialogue.native.nl.mp3","Pessoa: Goedemorgen. / Aluno: Goedemorgen. / Pessoa: Ik spreek een beetje Nederlands. / Aluno: Sorry, ik begrijp het niet. Kunt u dat herhalen? / Pessoa: Hoe zegt u dat? / Aluno: Dank u wel.","Record as a short two-person dialogue with natural interaction"
"P1","A0","A0-04","Cumprimentos e despedidas","word","natural","hallo.native.nl.mp3","audio/A0-04/words/hallo.native.nl.mp3","hallo","Record isolated word clearly"
"P1","A0","A0-04","Cumprimentos e despedidas","word","natural","goedemorgen.native.nl.mp3","audio/A0-04/words/goedemorgen.native.nl.mp3","goedemorgen","Record isolated word clearly"
"P1","A0","A0-04","Cumprimentos e despedidas","word","natural","goedemiddag.native.nl.mp3","audio/A0-04/words/goedemiddag.native.nl.mp3","goedemiddag","Record isolated word clearly"
"P1","A0","A0-04","Cumprimentos e despedidas","word","natural","goedenavond.native.nl.mp3","audio/A0-04/words/goedenavond.native.nl.mp3","goedenavond","Record isolated word clearly"
"P1","A0","A0-04","Cumprimentos e despedidas","word","natural","dank.native.nl.mp3","audio/A0-04/words/dank.native.nl.mp3","dank","Record isolated word clearly"
"P1","A0","A0-04","Cumprimentos e despedidas","word","natural","ziens.native.nl.mp3","audio/A0-04/words/ziens.native.nl.mp3","ziens","Record isolated word clearly"
"P1","A0","A0-04","Cumprimentos e despedidas","phrase","slow","goedemorgen.slow.native.nl.mp3","audio/A0-04/phrases/goedemorgen.slow.native.nl.mp3","Goedemorgen.","Record slowly, with clear pauses."
"P1","A0","A0-04","Cumprimentos e despedidas","phrase","natural","goedemorgen.native.nl.mp3","audio/A0-04/phrases/goedemorgen.native.nl.mp3","Goeiemorgen.","Record at natural Dutch speed."
"P1","A0","A0-04","Cumprimentos e despedidas","phrase","slow","dank-u-wel.slow.native.nl.mp3","audio/A0-04/phrases/dank-u-wel.slow.native.nl.mp3","Dank u wel.","Record slowly, with clear pauses."
"P1","A0","A0-04","Cumprimentos e despedidas","phrase","natural","dank-u-wel.native.nl.mp3","audio/A0-04/phrases/dank-u-wel.native.nl.mp3","Dankuwel.","Record at natural Dutch speed."
"P1","A0","A0-04","Cumprimentos e despedidas","phrase","slow","graag-gedaan.slow.native.nl.mp3","audio/A0-04/phrases/graag-gedaan.slow.native.nl.mp3","Graag gedaan.","Record slowly, with clear pauses."
"P1","A0","A0-04","Cumprimentos e despedidas","phrase","natural","graag-gedaan.native.nl.mp3","audio/A0-04/phrases/graag-gedaan.native.nl.mp3","Graag gedaan.","Record at natural Dutch speed."
"P1","A0","A0-04","Cumprimentos e despedidas","phrase","slow","tot-ziens.slow.native.nl.mp3","audio/A0-04/phrases/tot-ziens.slow.native.nl.mp3","Tot ziens.","Record slowly, with clear pauses."
"P1","A0","A0-04","Cumprimentos e despedidas","phrase","natural","tot-ziens.native.nl.mp3","audio/A0-04/phrases/tot-ziens.native.nl.mp3","Tot ziens.","Record at natural Dutch speed."
"P1","A0","A0-04","Cumprimentos e despedidas","dialogue","natural","a0-04-mini-dialogue.native.nl.mp3","audio/A0-04/dialogues/a0-04-mini-dialogue.native.nl.mp3","Pessoa: Goedemorgen. / Aluno: Goedemorgen. / Pessoa: Goedemorgen. / Aluno: Sorry, ik begrijp het niet. Kunt u dat herhalen? / Pessoa: Dank u wel. / Aluno: Dank u wel.","Record as a short two-person dialogue with natural interaction"
"P1","A0","A0-05","Numeros 0-100","word","natural","nul.native.nl.mp3","audio/A0-05/words/nul.native.nl.mp3","nul","Record isolated word clearly"
"P1","A0","A0-05","Numeros 0-100","word","natural","een.native.nl.mp3","audio/A0-05/words/een.native.nl.mp3","een","Record isolated word clearly"
"P1","A0","A0-05","Numeros 0-100","word","natural","vijf.native.nl.mp3","audio/A0-05/words/vijf.native.nl.mp3","vijf","Record isolated word clearly"
"P1","A0","A0-05","Numeros 0-100","word","natural","tien.native.nl.mp3","audio/A0-05/words/tien.native.nl.mp3","tien","Record isolated word clearly"
"P1","A0","A0-05","Numeros 0-100","word","natural","twintig.native.nl.mp3","audio/A0-05/words/twintig.native.nl.mp3","twintig","Record isolated word clearly"
"P1","A0","A0-05","Numeros 0-100","word","natural","honderd.native.nl.mp3","audio/A0-05/words/honderd.native.nl.mp3","honderd","Record isolated word clearly"
"P1","A0","A0-05","Numeros 0-100","phrase","slow","mijn-nummer-is-zevenentwintig.slow.native.nl.mp3","audio/A0-05/phrases/mijn-nummer-is-zevenentwintig.slow.native.nl.mp3","Mijn nummer is zevenentwintig.","Record slowly, with clear pauses."
"P1","A0","A0-05","Numeros 0-100","phrase","natural","mijn-nummer-is-zevenentwintig.native.nl.mp3","audio/A0-05/phrases/mijn-nummer-is-zevenentwintig.native.nl.mp3","Mijn nummer is zevenentwintig.","Record at natural Dutch speed."
"P1","A0","A0-05","Numeros 0-100","phrase","slow","dat-kost-vijf-euro.slow.native.nl.mp3","audio/A0-05/phrases/dat-kost-vijf-euro.slow.native.nl.mp3","Dat kost vijf euro.","Record slowly, with clear pauses."
"P1","A0","A0-05","Numeros 0-100","phrase","natural","dat-kost-vijf-euro.native.nl.mp3","audio/A0-05/phrases/dat-kost-vijf-euro.native.nl.mp3","Dat kost vijf euro.","Record at natural Dutch speed."
"P1","A0","A0-05","Numeros 0-100","phrase","slow","ik-ben-dertig-jaar.slow.native.nl.mp3","audio/A0-05/phrases/ik-ben-dertig-jaar.slow.native.nl.mp3","Ik ben dertig jaar.","Record slowly, with clear pauses."
"P1","A0","A0-05","Numeros 0-100","phrase","natural","ik-ben-dertig-jaar.native.nl.mp3","audio/A0-05/phrases/ik-ben-dertig-jaar.native.nl.mp3","Ik ben dertig jaar.","Record at natural Dutch speed."
"P1","A0","A0-05","Numeros 0-100","phrase","slow","kunt-u-het-nummer-herhalen.slow.native.nl.mp3","audio/A0-05/phrases/kunt-u-het-nummer-herhalen.slow.native.nl.mp3","Kunt u het nummer herhalen?","Record slowly, with clear pauses."
"P1","A0","A0-05","Numeros 0-100","phrase","natural","kunt-u-het-nummer-herhalen.native.nl.mp3","audio/A0-05/phrases/kunt-u-het-nummer-herhalen.native.nl.mp3","Kunt u het nummer herhalen?","Record at natural Dutch speed."
"P1","A0","A0-05","Numeros 0-100","dialogue","natural","a0-05-mini-dialogue.native.nl.mp3","audio/A0-05/dialogues/a0-05-mini-dialogue.native.nl.mp3","Pessoa: Goedemorgen. / Aluno: Goedemorgen. / Pessoa: Mijn nummer is zevenentwintig. / Aluno: Sorry, ik begrijp het niet. Kunt u dat herhalen? / Pessoa: Dat kost vijf euro. / Aluno: Dank u wel.","Record as a short two-person dialogue with natural interaction"
"P1","A0","A0-06","Dias, meses e datas","word","natural","vandaag.native.nl.mp3","audio/A0-06/words/vandaag.native.nl.mp3","vandaag","Record isolated word clearly"
"P1","A0","A0-06","Dias, meses e datas","word","natural","morgen.native.nl.mp3","audio/A0-06/words/morgen.native.nl.mp3","morgen","Record isolated word clearly"
"P1","A0","A0-06","Dias, meses e datas","word","natural","maandag.native.nl.mp3","audio/A0-06/words/maandag.native.nl.mp3","maandag","Record isolated word clearly"
"P1","A0","A0-06","Dias, meses e datas","word","natural","week.native.nl.mp3","audio/A0-06/words/week.native.nl.mp3","week","Record isolated word clearly"
"P1","A0","A0-06","Dias, meses e datas","word","natural","maand.native.nl.mp3","audio/A0-06/words/maand.native.nl.mp3","maand","Record isolated word clearly"
"P1","A0","A0-06","Dias, meses e datas","word","natural","afspraak.native.nl.mp3","audio/A0-06/words/afspraak.native.nl.mp3","afspraak","Record isolated word clearly"
"P1","A0","A0-06","Dias, meses e datas","phrase","slow","ik-heb-een-afspraak-op-maandag.slow.native.nl.mp3","audio/A0-06/phrases/ik-heb-een-afspraak-op-maandag.slow.native.nl.mp3","Ik heb een afspraak op maandag.","Record slowly, with clear pauses."
"P1","A0","A0-06","Dias, meses e datas","phrase","natural","ik-heb-een-afspraak-op-maandag.native.nl.mp3","audio/A0-06/phrases/ik-heb-een-afspraak-op-maandag.native.nl.mp3","Ik heb een afspraak op maandag.","Record at natural Dutch speed."
"P1","A0","A0-06","Dias, meses e datas","phrase","slow","welke-dag-is-het.slow.native.nl.mp3","audio/A0-06/phrases/welke-dag-is-het.slow.native.nl.mp3","Welke dag is het?","Record slowly, with clear pauses."
"P1","A0","A0-06","Dias, meses e datas","phrase","natural","welke-dag-is-het.native.nl.mp3","audio/A0-06/phrases/welke-dag-is-het.native.nl.mp3","Welke dag is het?","Record at natural Dutch speed."
"P1","A0","A0-06","Dias, meses e datas","phrase","slow","vandaag-is-het-vrijdag.slow.native.nl.mp3","audio/A0-06/phrases/vandaag-is-het-vrijdag.slow.native.nl.mp3","Vandaag is het vrijdag.","Record slowly, with clear pauses."
"P1","A0","A0-06","Dias, meses e datas","phrase","natural","vandaag-is-het-vrijdag.native.nl.mp3","audio/A0-06/phrases/vandaag-is-het-vrijdag.native.nl.mp3","Vandaag is het vrijdag.","Record at natural Dutch speed."
"P1","A0","A0-06","Dias, meses e datas","phrase","slow","kunt-u-de-datum-herhalen.slow.native.nl.mp3","audio/A0-06/phrases/kunt-u-de-datum-herhalen.slow.native.nl.mp3","Kunt u de datum herhalen?","Record slowly, with clear pauses."
"P1","A0","A0-06","Dias, meses e datas","phrase","natural","kunt-u-de-datum-herhalen.native.nl.mp3","audio/A0-06/phrases/kunt-u-de-datum-herhalen.native.nl.mp3","Kunt u de datum herhalen?","Record at natural Dutch speed."
"P1","A0","A0-06","Dias, meses e datas","dialogue","natural","a0-06-mini-dialogue.native.nl.mp3","audio/A0-06/dialogues/a0-06-mini-dialogue.native.nl.mp3","Pessoa: Goedemorgen. / Aluno: Goedemorgen. / Pessoa: Ik heb een afspraak op maandag. / Aluno: Sorry, ik begrijp het niet. Kunt u dat herhalen? / Pessoa: Welke dag is het? / Aluno: Dank u wel.","Record as a short two-person dialogue with natural interaction"
"P1","A0","A0-07","Frases de sobrevivencia","word","natural","alstublieft.native.nl.mp3","audio/A0-07/words/alstublieft.native.nl.mp3","alstublieft","Record isolated word clearly"
"P1","A0","A0-07","Frases de sobrevivencia","word","natural","sorry.native.nl.mp3","audio/A0-07/words/sorry.native.nl.mp3","sorry","Record isolated word clearly"
"P1","A0","A0-07","Frases de sobrevivencia","word","natural","langzaam.native.nl.mp3","audio/A0-07/words/langzaam.native.nl.mp3","langzaam","Record isolated word clearly"
"P1","A0","A0-07","Frases de sobrevivencia","word","natural","helpen.native.nl.mp3","audio/A0-07/words/helpen.native.nl.mp3","helpen","Record isolated word clearly"
"P1","A0","A0-07","Frases de sobrevivencia","word","natural","wachten.native.nl.mp3","audio/A0-07/words/wachten.native.nl.mp3","wachten","Record isolated word clearly"
"P1","A0","A0-07","Frases de sobrevivencia","word","natural","nodig.native.nl.mp3","audio/A0-07/words/nodig.native.nl.mp3","nodig","Record isolated word clearly"
"P1","A0","A0-07","Frases de sobrevivencia","phrase","slow","kunt-u-mij-helpen.slow.native.nl.mp3","audio/A0-07/phrases/kunt-u-mij-helpen.slow.native.nl.mp3","Kunt u mij helpen?","Record slowly, with clear pauses."
"P1","A0","A0-07","Frases de sobrevivencia","phrase","natural","kunt-u-mij-helpen.native.nl.mp3","audio/A0-07/phrases/kunt-u-mij-helpen.native.nl.mp3","Kunt u mij helpen?","Record at natural Dutch speed."
"P1","A0","A0-07","Frases de sobrevivencia","phrase","slow","ik-begrijp-het-niet.slow.native.nl.mp3","audio/A0-07/phrases/ik-begrijp-het-niet.slow.native.nl.mp3","Ik begrijp het niet.","Record slowly, with clear pauses."
"P1","A0","A0-07","Frases de sobrevivencia","phrase","natural","ik-begrijp-het-niet.native.nl.mp3","audio/A0-07/phrases/ik-begrijp-het-niet.native.nl.mp3","Ik begrijp het niet.","Record at natural Dutch speed."
"P1","A0","A0-07","Frases de sobrevivencia","phrase","slow","kunt-u-langzaam-spreken.slow.native.nl.mp3","audio/A0-07/phrases/kunt-u-langzaam-spreken.slow.native.nl.mp3","Kunt u langzaam spreken?","Record slowly, with clear pauses."
"P1","A0","A0-07","Frases de sobrevivencia","phrase","natural","kunt-u-langzaam-spreken.native.nl.mp3","audio/A0-07/phrases/kunt-u-langzaam-spreken.native.nl.mp3","Kunt u langzaam spreken?","Record at natural Dutch speed."
"P1","A0","A0-07","Frases de sobrevivencia","phrase","slow","ik-heb-hulp-nodig.slow.native.nl.mp3","audio/A0-07/phrases/ik-heb-hulp-nodig.slow.native.nl.mp3","Ik heb hulp nodig.","Record slowly, with clear pauses."
"P1","A0","A0-07","Frases de sobrevivencia","phrase","natural","ik-heb-hulp-nodig.native.nl.mp3","audio/A0-07/phrases/ik-heb-hulp-nodig.native.nl.mp3","Ik heb hulp nodig.","Record at natural Dutch speed."
"P1","A0","A0-07","Frases de sobrevivencia","dialogue","natural","a0-07-mini-dialogue.native.nl.mp3","audio/A0-07/dialogues/a0-07-mini-dialogue.native.nl.mp3","Pessoa: Goedemorgen. / Aluno: Goedemorgen. / Pessoa: Kunt u mij helpen? / Aluno: Sorry, ik begrijp het niet. Kunt u dat herhalen? / Pessoa: Ik begrijp het niet. / Aluno: Dank u wel.","Record as a short two-person dialogue with natural interaction"
"P1","A0","A0-08","Revisao A0","word","natural","begrijp.native.nl.mp3","audio/A0-08/words/begrijp.native.nl.mp3","begrijp","Record isolated word clearly"
"P1","A0","A0-08","Revisao A0","word","natural","spellen.native.nl.mp3","audio/A0-08/words/spellen.native.nl.mp3","spellen","Record isolated word clearly"
"P1","A0","A0-08","Revisao A0","word","natural","nummer.native.nl.mp3","audio/A0-08/words/nummer.native.nl.mp3","nummer","Record isolated word clearly"
"P1","A0","A0-08","Revisao A0","word","natural","datum.native.nl.mp3","audio/A0-08/words/datum.native.nl.mp3","datum","Record isolated word clearly"
"P1","A0","A0-08","Revisao A0","word","natural","afspraak.native.nl.mp3","audio/A0-08/words/afspraak.native.nl.mp3","afspraak","Record isolated word clearly"
"P1","A0","A0-08","Revisao A0","word","natural","nederlands.native.nl.mp3","audio/A0-08/words/nederlands.native.nl.mp3","Nederlands","Record isolated word clearly"
"P1","A0","A0-08","Revisao A0","phrase","slow","goedemorgen-ik-heb-een-afspraak.slow.native.nl.mp3","audio/A0-08/phrases/goedemorgen-ik-heb-een-afspraak.slow.native.nl.mp3","Goedemorgen, ik heb een afspraak.","Record slowly, with clear pauses."
"P1","A0","A0-08","Revisao A0","phrase","natural","goedemorgen-ik-heb-een-afspraak.native.nl.mp3","audio/A0-08/phrases/goedemorgen-ik-heb-een-afspraak.native.nl.mp3","Goedemorgen, ik heb een afspraak.","Record at natural Dutch speed."
"P1","A0","A0-08","Revisao A0","phrase","slow","kunt-u-dat-spellen.slow.native.nl.mp3","audio/A0-08/phrases/kunt-u-dat-spellen.slow.native.nl.mp3","Kunt u dat spellen?","Record slowly, with clear pauses."
"P1","A0","A0-08","Revisao A0","phrase","natural","kunt-u-dat-spellen.native.nl.mp3","audio/A0-08/phrases/kunt-u-dat-spellen.native.nl.mp3","Kunt u dat spellen?","Record at natural Dutch speed."
"P1","A0","A0-08","Revisao A0","phrase","slow","mijn-nummer-is-zevenentwintig.slow.native.nl.mp3","audio/A0-08/phrases/mijn-nummer-is-zevenentwintig.slow.native.nl.mp3","Mijn nummer is zevenentwintig.","Record slowly, with clear pauses."
"P1","A0","A0-08","Revisao A0","phrase","natural","mijn-nummer-is-zevenentwintig.native.nl.mp3","audio/A0-08/phrases/mijn-nummer-is-zevenentwintig.native.nl.mp3","Mijn nummer is zevenentwintig.","Record at natural Dutch speed."
"P1","A0","A0-08","Revisao A0","phrase","slow","ik-spreek-een-beetje-nederlands.slow.native.nl.mp3","audio/A0-08/phrases/ik-spreek-een-beetje-nederlands.slow.native.nl.mp3","Ik spreek een beetje Nederlands.","Record slowly, with clear pauses."
"P1","A0","A0-08","Revisao A0","phrase","natural","ik-spreek-een-beetje-nederlands.native.nl.mp3","audio/A0-08/phrases/ik-spreek-een-beetje-nederlands.native.nl.mp3","Ik spreek een beetje Nederlands.","Record at natural Dutch speed."
"P1","A0","A0-08","Revisao A0","dialogue","natural","a0-08-mini-dialogue.native.nl.mp3","audio/A0-08/dialogues/a0-08-mini-dialogue.native.nl.mp3","Pessoa: Goedemorgen. / Aluno: Goedemorgen. / Pessoa: Goedemorgen, ik heb een afspraak. / Aluno: Sorry, ik begrijp het niet. Kunt u dat herhalen? / Pessoa: Kunt u dat spellen? / Aluno: Dank u wel.","Record as a short two-person dialogue with natural interaction"
"P2","A1","A1-01","Apresentar-se","word","natural","naam.native.nl.mp3","audio/A1-01/words/naam.native.nl.mp3","naam","Record isolated word clearly"
"P2","A1","A1-01","Apresentar-se","word","natural","voornaam.native.nl.mp3","audio/A1-01/words/voornaam.native.nl.mp3","voornaam","Record isolated word clearly"
"P2","A1","A1-01","Apresentar-se","word","natural","achternaam.native.nl.mp3","audio/A1-01/words/achternaam.native.nl.mp3","achternaam","Record isolated word clearly"
"P2","A1","A1-01","Apresentar-se","word","natural","land.native.nl.mp3","audio/A1-01/words/land.native.nl.mp3","land","Record isolated word clearly"
"P2","A1","A1-01","Apresentar-se","word","natural","taal.native.nl.mp3","audio/A1-01/words/taal.native.nl.mp3","taal","Record isolated word clearly"
"P2","A1","A1-01","Apresentar-se","word","natural","portugees.native.nl.mp3","audio/A1-01/words/portugees.native.nl.mp3","Portugees","Record isolated word clearly"
"P2","A1","A1-01","Apresentar-se","word","natural","engels.native.nl.mp3","audio/A1-01/words/engels.native.nl.mp3","Engels","Record isolated word clearly"
"P2","A1","A1-01","Apresentar-se","word","natural","nederland.native.nl.mp3","audio/A1-01/words/nederland.native.nl.mp3","Nederland","Record isolated word clearly"
"P2","A1","A1-01","Apresentar-se","phrase","slow","ik-ben-henrique.slow.native.nl.mp3","audio/A1-01/phrases/ik-ben-henrique.slow.native.nl.mp3","Ik ben Henrique.","Record slowly, with clear pauses."
"P2","A1","A1-01","Apresentar-se","phrase","natural","ik-ben-henrique.native.nl.mp3","audio/A1-01/phrases/ik-ben-henrique.native.nl.mp3","Ik ben Henrique.","Record at natural Dutch speed."
"P2","A1","A1-01","Apresentar-se","phrase","slow","mijn-naam-is-henrique.slow.native.nl.mp3","audio/A1-01/phrases/mijn-naam-is-henrique.slow.native.nl.mp3","Mijn naam is Henrique.","Record slowly, with clear pauses."
"P2","A1","A1-01","Apresentar-se","phrase","natural","mijn-naam-is-henrique.native.nl.mp3","audio/A1-01/phrases/mijn-naam-is-henrique.native.nl.mp3","Mijn naam is Henrique.","Record at natural Dutch speed."
"P2","A1","A1-01","Apresentar-se","phrase","slow","ik-kom-uit-portugal.slow.native.nl.mp3","audio/A1-01/phrases/ik-kom-uit-portugal.slow.native.nl.mp3","Ik kom uit Portugal.","Record slowly, with clear pauses."
"P2","A1","A1-01","Apresentar-se","phrase","natural","ik-kom-uit-portugal.native.nl.mp3","audio/A1-01/phrases/ik-kom-uit-portugal.native.nl.mp3","Ik kom uit Portugal.","Record at natural Dutch speed."
"P2","A1","A1-01","Apresentar-se","phrase","slow","ik-woon-in-nederland.slow.native.nl.mp3","audio/A1-01/phrases/ik-woon-in-nederland.slow.native.nl.mp3","Ik woon in Nederland.","Record slowly, with clear pauses."
"P2","A1","A1-01","Apresentar-se","phrase","natural","ik-woon-in-nederland.native.nl.mp3","audio/A1-01/phrases/ik-woon-in-nederland.native.nl.mp3","Ik woon in Nederland.","Record at natural Dutch speed."
"P2","A1","A1-01","Apresentar-se","phrase","slow","welke-taal-spreekt-u.slow.native.nl.mp3","audio/A1-01/phrases/welke-taal-spreekt-u.slow.native.nl.mp3","Welke taal spreekt u?","Record slowly, with clear pauses."
"P2","A1","A1-01","Apresentar-se","phrase","natural","welke-taal-spreekt-u.native.nl.mp3","audio/A1-01/phrases/welke-taal-spreekt-u.native.nl.mp3","Welke taal spreek-tu?","Record at natural Dutch speed."
"P2","A1","A1-01","Apresentar-se","dialogue","natural","a1-01-mini-dialogue.native.nl.mp3","audio/A1-01/dialogues/a1-01-mini-dialogue.native.nl.mp3","Pessoa: Goedemorgen. / Aluno: Goedemorgen. / Pessoa: Ik ben Henrique. / Aluno: Sorry, kunt u dat herhalen? / Pessoa: Mijn naam is Henrique. / Aluno: Dank u wel. Ik ben Henrique. Ik kom uit Portugal. Ik woon in Nederland.","Record as a short two-person dialogue with natural interaction"
"P2","A1","A1-02","Pronomes pessoais","word","natural","ik.native.nl.mp3","audio/A1-02/words/ik.native.nl.mp3","ik","Record isolated word clearly"
"P2","A1","A1-02","Pronomes pessoais","word","natural","jij.native.nl.mp3","audio/A1-02/words/jij.native.nl.mp3","jij","Record isolated word clearly"
"P2","A1","A1-02","Pronomes pessoais","word","natural","u.native.nl.mp3","audio/A1-02/words/u.native.nl.mp3","u","Record isolated word clearly"
"P2","A1","A1-02","Pronomes pessoais","word","natural","hij.native.nl.mp3","audio/A1-02/words/hij.native.nl.mp3","hij","Record isolated word clearly"
"P2","A1","A1-02","Pronomes pessoais","word","natural","zij.native.nl.mp3","audio/A1-02/words/zij.native.nl.mp3","zij","Record isolated word clearly"
"P2","A1","A1-02","Pronomes pessoais","word","natural","wij.native.nl.mp3","audio/A1-02/words/wij.native.nl.mp3","wij","Record isolated word clearly"
"P2","A1","A1-02","Pronomes pessoais","word","natural","jullie.native.nl.mp3","audio/A1-02/words/jullie.native.nl.mp3","jullie","Record isolated word clearly"
"P2","A1","A1-02","Pronomes pessoais","word","natural","ze.native.nl.mp3","audio/A1-02/words/ze.native.nl.mp3","ze","Record isolated word clearly"
"P2","A1","A1-02","Pronomes pessoais","phrase","slow","ik-spreek-nederlands.slow.native.nl.mp3","audio/A1-02/phrases/ik-spreek-nederlands.slow.native.nl.mp3","Ik spreek Nederlands.","Record slowly, with clear pauses."
"P2","A1","A1-02","Pronomes pessoais","phrase","natural","ik-spreek-nederlands.native.nl.mp3","audio/A1-02/phrases/ik-spreek-nederlands.native.nl.mp3","Ik spreek Nederlands.","Record at natural Dutch speed."
"P2","A1","A1-02","Pronomes pessoais","phrase","slow","spreekt-u-engels.slow.native.nl.mp3","audio/A1-02/phrases/spreekt-u-engels.slow.native.nl.mp3","Spreekt u Engels?","Record slowly, with clear pauses."
"P2","A1","A1-02","Pronomes pessoais","phrase","natural","spreekt-u-engels.native.nl.mp3","audio/A1-02/phrases/spreekt-u-engels.native.nl.mp3","Spreek-tu Engels?","Record at natural Dutch speed."
"P2","A1","A1-02","Pronomes pessoais","phrase","slow","hij-woont-in-amsterdam.slow.native.nl.mp3","audio/A1-02/phrases/hij-woont-in-amsterdam.slow.native.nl.mp3","Hij woont in Amsterdam.","Record slowly, with clear pauses."
"P2","A1","A1-02","Pronomes pessoais","phrase","natural","hij-woont-in-amsterdam.native.nl.mp3","audio/A1-02/phrases/hij-woont-in-amsterdam.native.nl.mp3","Hij woont in Amsterdam.","Record at natural Dutch speed."
"P2","A1","A1-02","Pronomes pessoais","phrase","slow","zij-werkt-vandaag.slow.native.nl.mp3","audio/A1-02/phrases/zij-werkt-vandaag.slow.native.nl.mp3","Zij werkt vandaag.","Record slowly, with clear pauses."
"P2","A1","A1-02","Pronomes pessoais","phrase","natural","zij-werkt-vandaag.native.nl.mp3","audio/A1-02/phrases/zij-werkt-vandaag.native.nl.mp3","Ze werkt vandaag.","Record at natural Dutch speed."
"P2","A1","A1-02","Pronomes pessoais","phrase","slow","wij-wonen-hier.slow.native.nl.mp3","audio/A1-02/phrases/wij-wonen-hier.slow.native.nl.mp3","Wij wonen hier.","Record slowly, with clear pauses."
"P2","A1","A1-02","Pronomes pessoais","phrase","natural","wij-wonen-hier.native.nl.mp3","audio/A1-02/phrases/wij-wonen-hier.native.nl.mp3","We wonen hier.","Record at natural Dutch speed."
"P2","A1","A1-02","Pronomes pessoais","dialogue","natural","a1-02-mini-dialogue.native.nl.mp3","audio/A1-02/dialogues/a1-02-mini-dialogue.native.nl.mp3","Pessoa: Goedemorgen. / Aluno: Goedemorgen. / Pessoa: Ik spreek Nederlands. / Aluno: Sorry, kunt u dat herhalen? / Pessoa: Spreekt u Engels? / Aluno: Dank u wel. Ik spreek Nederlands. Hij spreekt Engels. Wij wonen hier.","Record as a short two-person dialogue with natural interaction"
"P2","A1","A1-03","Artigos de, het, een","word","natural","de-naam.native.nl.mp3","audio/A1-03/words/de-naam.native.nl.mp3","de naam","Record isolated word clearly"
"P2","A1","A1-03","Artigos de, het, een","word","natural","het-huis.native.nl.mp3","audio/A1-03/words/het-huis.native.nl.mp3","het huis","Record isolated word clearly"
"P2","A1","A1-03","Artigos de, het, een","word","natural","een-formulier.native.nl.mp3","audio/A1-03/words/een-formulier.native.nl.mp3","een formulier","Record isolated word clearly"
"P2","A1","A1-03","Artigos de, het, een","word","natural","de-brief.native.nl.mp3","audio/A1-03/words/de-brief.native.nl.mp3","de brief","Record isolated word clearly"
"P2","A1","A1-03","Artigos de, het, een","word","natural","het-nummer.native.nl.mp3","audio/A1-03/words/het-nummer.native.nl.mp3","het nummer","Record isolated word clearly"
"P2","A1","A1-03","Artigos de, het, een","word","natural","de-afspraak.native.nl.mp3","audio/A1-03/words/de-afspraak.native.nl.mp3","de afspraak","Record isolated word clearly"
"P2","A1","A1-03","Artigos de, het, een","word","natural","een-vraag.native.nl.mp3","audio/A1-03/words/een-vraag.native.nl.mp3","een vraag","Record isolated word clearly"
"P2","A1","A1-03","Artigos de, het, een","word","natural","het-antwoord.native.nl.mp3","audio/A1-03/words/het-antwoord.native.nl.mp3","het antwoord","Record isolated word clearly"
"P2","A1","A1-03","Artigos de, het, een","phrase","slow","ik-heb-een-vraag.slow.native.nl.mp3","audio/A1-03/phrases/ik-heb-een-vraag.slow.native.nl.mp3","Ik heb een vraag.","Record slowly, with clear pauses."
"P2","A1","A1-03","Artigos de, het, een","phrase","natural","ik-heb-een-vraag.native.nl.mp3","audio/A1-03/phrases/ik-heb-een-vraag.native.nl.mp3","Ik heb 'n vraag.","Record at natural Dutch speed."
"P2","A1","A1-03","Artigos de, het, een","phrase","slow","het-nummer-is-goed.slow.native.nl.mp3","audio/A1-03/phrases/het-nummer-is-goed.slow.native.nl.mp3","Het nummer is goed.","Record slowly, with clear pauses."
"P2","A1","A1-03","Artigos de, het, een","phrase","natural","het-nummer-is-goed.native.nl.mp3","audio/A1-03/phrases/het-nummer-is-goed.native.nl.mp3","'t Nummer is goed.","Record at natural Dutch speed."
"P2","A1","A1-03","Artigos de, het, een","phrase","slow","de-afspraak-is-vandaag.slow.native.nl.mp3","audio/A1-03/phrases/de-afspraak-is-vandaag.slow.native.nl.mp3","De afspraak is vandaag.","Record slowly, with clear pauses."
"P2","A1","A1-03","Artigos de, het, een","phrase","natural","de-afspraak-is-vandaag.native.nl.mp3","audio/A1-03/phrases/de-afspraak-is-vandaag.native.nl.mp3","De afspraak is vandaag.","Record at natural Dutch speed."
"P2","A1","A1-03","Artigos de, het, een","phrase","slow","ik-heb-het-formulier.slow.native.nl.mp3","audio/A1-03/phrases/ik-heb-het-formulier.slow.native.nl.mp3","Ik heb het formulier.","Record slowly, with clear pauses."
"P2","A1","A1-03","Artigos de, het, een","phrase","natural","ik-heb-het-formulier.native.nl.mp3","audio/A1-03/phrases/ik-heb-het-formulier.native.nl.mp3","Ik heb 't formulier.","Record at natural Dutch speed."
"P2","A1","A1-03","Artigos de, het, een","phrase","slow","dat-is-een-brief.slow.native.nl.mp3","audio/A1-03/phrases/dat-is-een-brief.slow.native.nl.mp3","Dat is een brief.","Record slowly, with clear pauses."
"P2","A1","A1-03","Artigos de, het, een","phrase","natural","dat-is-een-brief.native.nl.mp3","audio/A1-03/phrases/dat-is-een-brief.native.nl.mp3","Dat is 'n brief.","Record at natural Dutch speed."
"P2","A1","A1-03","Artigos de, het, een","dialogue","natural","a1-03-mini-dialogue.native.nl.mp3","audio/A1-03/dialogues/a1-03-mini-dialogue.native.nl.mp3","Pessoa: Goedemorgen. / Aluno: Goedemorgen. / Pessoa: Ik heb een vraag. / Aluno: Sorry, kunt u dat herhalen? / Pessoa: Het nummer is goed. / Aluno: Dank u wel. Ik heb een vraag. Ik heb het formulier. De afspraak is vandaag.","Record as a short two-person dialogue with natural interaction"
"P2","A1","A1-04","Presente regular","word","natural","werken.native.nl.mp3","audio/A1-04/words/werken.native.nl.mp3","werken","Record isolated word clearly"
"P2","A1","A1-04","Presente regular","word","natural","leren.native.nl.mp3","audio/A1-04/words/leren.native.nl.mp3","leren","Record isolated word clearly"
"P2","A1","A1-04","Presente regular","word","natural","wonen.native.nl.mp3","audio/A1-04/words/wonen.native.nl.mp3","wonen","Record isolated word clearly"
"P2","A1","A1-04","Presente regular","word","natural","betalen.native.nl.mp3","audio/A1-04/words/betalen.native.nl.mp3","betalen","Record isolated word clearly"
"P2","A1","A1-04","Presente regular","word","natural","kopen.native.nl.mp3","audio/A1-04/words/kopen.native.nl.mp3","kopen","Record isolated word clearly"
"P2","A1","A1-04","Presente regular","word","natural","maken.native.nl.mp3","audio/A1-04/words/maken.native.nl.mp3","maken","Record isolated word clearly"
"P2","A1","A1-04","Presente regular","word","natural","luisteren.native.nl.mp3","audio/A1-04/words/luisteren.native.nl.mp3","luisteren","Record isolated word clearly"
"P2","A1","A1-04","Presente regular","word","natural","herhalen.native.nl.mp3","audio/A1-04/words/herhalen.native.nl.mp3","herhalen","Record isolated word clearly"
"P2","A1","A1-04","Presente regular","phrase","slow","ik-werk-vandaag.slow.native.nl.mp3","audio/A1-04/phrases/ik-werk-vandaag.slow.native.nl.mp3","Ik werk vandaag.","Record slowly, with clear pauses."
"P2","A1","A1-04","Presente regular","phrase","natural","ik-werk-vandaag.native.nl.mp3","audio/A1-04/phrases/ik-werk-vandaag.native.nl.mp3","Ik werk vandaag.","Record at natural Dutch speed."
"P2","A1","A1-04","Presente regular","phrase","slow","u-werkt-morgen.slow.native.nl.mp3","audio/A1-04/phrases/u-werkt-morgen.slow.native.nl.mp3","U werkt morgen.","Record slowly, with clear pauses."
"P2","A1","A1-04","Presente regular","phrase","natural","u-werkt-morgen.native.nl.mp3","audio/A1-04/phrases/u-werkt-morgen.native.nl.mp3","U werkt morgen.","Record at natural Dutch speed."
"P2","A1","A1-04","Presente regular","phrase","slow","hij-leert-nederlands.slow.native.nl.mp3","audio/A1-04/phrases/hij-leert-nederlands.slow.native.nl.mp3","Hij leert Nederlands.","Record slowly, with clear pauses."
"P2","A1","A1-04","Presente regular","phrase","natural","hij-leert-nederlands.native.nl.mp3","audio/A1-04/phrases/hij-leert-nederlands.native.nl.mp3","Hij leert Nederlands.","Record at natural Dutch speed."
"P2","A1","A1-04","Presente regular","phrase","slow","wij-wonen-in-utrecht.slow.native.nl.mp3","audio/A1-04/phrases/wij-wonen-in-utrecht.slow.native.nl.mp3","Wij wonen in Utrecht.","Record slowly, with clear pauses."
"P2","A1","A1-04","Presente regular","phrase","natural","wij-wonen-in-utrecht.native.nl.mp3","audio/A1-04/phrases/wij-wonen-in-utrecht.native.nl.mp3","We wonen in Utrecht.","Record at natural Dutch speed."
"P2","A1","A1-04","Presente regular","phrase","slow","ik-betaal-met-pin.slow.native.nl.mp3","audio/A1-04/phrases/ik-betaal-met-pin.slow.native.nl.mp3","Ik betaal met pin.","Record slowly, with clear pauses."
"P2","A1","A1-04","Presente regular","phrase","natural","ik-betaal-met-pin.native.nl.mp3","audio/A1-04/phrases/ik-betaal-met-pin.native.nl.mp3","Ik betaal met pin.","Record at natural Dutch speed."
"P2","A1","A1-04","Presente regular","dialogue","natural","a1-04-mini-dialogue.native.nl.mp3","audio/A1-04/dialogues/a1-04-mini-dialogue.native.nl.mp3","Pessoa: Goedemorgen. / Aluno: Goedemorgen. / Pessoa: Ik werk vandaag. / Aluno: Sorry, kunt u dat herhalen? / Pessoa: U werkt morgen. / Aluno: Dank u wel. Ik werk vandaag. Ik leer Nederlands. Ik betaal met pin.","Record as a short two-person dialogue with natural interaction"
"P2","A1","A1-05","Verbos zijn e hebben","word","natural","ben.native.nl.mp3","audio/A1-05/words/ben.native.nl.mp3","ben","Record isolated word clearly"
"P2","A1","A1-05","Verbos zijn e hebben","word","natural","bent.native.nl.mp3","audio/A1-05/words/bent.native.nl.mp3","bent","Record isolated word clearly"
"P2","A1","A1-05","Verbos zijn e hebben","word","natural","is.native.nl.mp3","audio/A1-05/words/is.native.nl.mp3","is","Record isolated word clearly"
"P2","A1","A1-05","Verbos zijn e hebben","word","natural","zijn.native.nl.mp3","audio/A1-05/words/zijn.native.nl.mp3","zijn","Record isolated word clearly"
"P2","A1","A1-05","Verbos zijn e hebben","word","natural","heb.native.nl.mp3","audio/A1-05/words/heb.native.nl.mp3","heb","Record isolated word clearly"
"P2","A1","A1-05","Verbos zijn e hebben","word","natural","heeft.native.nl.mp3","audio/A1-05/words/heeft.native.nl.mp3","heeft","Record isolated word clearly"
"P2","A1","A1-05","Verbos zijn e hebben","word","natural","afspraak.native.nl.mp3","audio/A1-05/words/afspraak.native.nl.mp3","afspraak","Record isolated word clearly"
"P2","A1","A1-05","Verbos zijn e hebben","word","natural","tijd.native.nl.mp3","audio/A1-05/words/tijd.native.nl.mp3","tijd","Record isolated word clearly"
"P2","A1","A1-05","Verbos zijn e hebben","phrase","slow","ik-ben-hier.slow.native.nl.mp3","audio/A1-05/phrases/ik-ben-hier.slow.native.nl.mp3","Ik ben hier.","Record slowly, with clear pauses."
"P2","A1","A1-05","Verbos zijn e hebben","phrase","natural","ik-ben-hier.native.nl.mp3","audio/A1-05/phrases/ik-ben-hier.native.nl.mp3","Ik ben hier.","Record at natural Dutch speed."
"P2","A1","A1-05","Verbos zijn e hebben","phrase","slow","ik-heb-een-afspraak.slow.native.nl.mp3","audio/A1-05/phrases/ik-heb-een-afspraak.slow.native.nl.mp3","Ik heb een afspraak.","Record slowly, with clear pauses."
"P2","A1","A1-05","Verbos zijn e hebben","phrase","natural","ik-heb-een-afspraak.native.nl.mp3","audio/A1-05/phrases/ik-heb-een-afspraak.native.nl.mp3","Ik heb 'n afspraak.","Record at natural Dutch speed."
"P2","A1","A1-05","Verbos zijn e hebben","phrase","slow","heeft-u-tijd.slow.native.nl.mp3","audio/A1-05/phrases/heeft-u-tijd.slow.native.nl.mp3","Heeft u tijd?","Record slowly, with clear pauses."
"P2","A1","A1-05","Verbos zijn e hebben","phrase","natural","heeft-u-tijd.native.nl.mp3","audio/A1-05/phrases/heeft-u-tijd.native.nl.mp3","Heeftu tijd?","Record at natural Dutch speed."
"P2","A1","A1-05","Verbos zijn e hebben","phrase","slow","bent-u-klaar.slow.native.nl.mp3","audio/A1-05/phrases/bent-u-klaar.slow.native.nl.mp3","Bent u klaar?","Record slowly, with clear pauses."
"P2","A1","A1-05","Verbos zijn e hebben","phrase","natural","bent-u-klaar.native.nl.mp3","audio/A1-05/phrases/bent-u-klaar.native.nl.mp3","Bentu klaar?","Record at natural Dutch speed."
"P2","A1","A1-05","Verbos zijn e hebben","phrase","slow","wij-zijn-thuis.slow.native.nl.mp3","audio/A1-05/phrases/wij-zijn-thuis.slow.native.nl.mp3","Wij zijn thuis.","Record slowly, with clear pauses."
"P2","A1","A1-05","Verbos zijn e hebben","phrase","natural","wij-zijn-thuis.native.nl.mp3","audio/A1-05/phrases/wij-zijn-thuis.native.nl.mp3","We zijn thuis.","Record at natural Dutch speed."
"P2","A1","A1-05","Verbos zijn e hebben","dialogue","natural","a1-05-mini-dialogue.native.nl.mp3","audio/A1-05/dialogues/a1-05-mini-dialogue.native.nl.mp3","Pessoa: Goedemorgen. / Aluno: Goedemorgen. / Pessoa: Ik ben hier. / Aluno: Sorry, kunt u dat herhalen? / Pessoa: Ik heb een afspraak. / Aluno: Dank u wel. Ik ben hier. Ik heb een afspraak. Heeft u tijd?","Record as a short two-person dialogue with natural interaction"
"P2","A1","A1-06","Familia e relacoes","word","natural","familie.native.nl.mp3","audio/A1-06/words/familie.native.nl.mp3","familie","Record isolated word clearly"
"P2","A1","A1-06","Familia e relacoes","word","natural","vrouw.native.nl.mp3","audio/A1-06/words/vrouw.native.nl.mp3","vrouw","Record isolated word clearly"
"P2","A1","A1-06","Familia e relacoes","word","natural","man.native.nl.mp3","audio/A1-06/words/man.native.nl.mp3","man","Record isolated word clearly"
"P2","A1","A1-06","Familia e relacoes","word","natural","kind.native.nl.mp3","audio/A1-06/words/kind.native.nl.mp3","kind","Record isolated word clearly"
"P2","A1","A1-06","Familia e relacoes","word","natural","kinderen.native.nl.mp3","audio/A1-06/words/kinderen.native.nl.mp3","kinderen","Record isolated word clearly"
"P2","A1","A1-06","Familia e relacoes","word","natural","moeder.native.nl.mp3","audio/A1-06/words/moeder.native.nl.mp3","moeder","Record isolated word clearly"
"P2","A1","A1-06","Familia e relacoes","word","natural","vader.native.nl.mp3","audio/A1-06/words/vader.native.nl.mp3","vader","Record isolated word clearly"
"P2","A1","A1-06","Familia e relacoes","word","natural","partner.native.nl.mp3","audio/A1-06/words/partner.native.nl.mp3","partner","Record isolated word clearly"
"P2","A1","A1-06","Familia e relacoes","phrase","slow","mijn-vrouw-woont-hier.slow.native.nl.mp3","audio/A1-06/phrases/mijn-vrouw-woont-hier.slow.native.nl.mp3","Mijn vrouw woont hier.","Record slowly, with clear pauses."
"P2","A1","A1-06","Familia e relacoes","phrase","natural","mijn-vrouw-woont-hier.native.nl.mp3","audio/A1-06/phrases/mijn-vrouw-woont-hier.native.nl.mp3","Mijn vrouw woont hier.","Record at natural Dutch speed."
"P2","A1","A1-06","Familia e relacoes","phrase","slow","mijn-kinderen-zijn-op-school.slow.native.nl.mp3","audio/A1-06/phrases/mijn-kinderen-zijn-op-school.slow.native.nl.mp3","Mijn kinderen zijn op school.","Record slowly, with clear pauses."
"P2","A1","A1-06","Familia e relacoes","phrase","natural","mijn-kinderen-zijn-op-school.native.nl.mp3","audio/A1-06/phrases/mijn-kinderen-zijn-op-school.native.nl.mp3","M'n kinderen zijn op school.","Record at natural Dutch speed."
"P2","A1","A1-06","Familia e relacoes","phrase","slow","heeft-u-familie-hier.slow.native.nl.mp3","audio/A1-06/phrases/heeft-u-familie-hier.slow.native.nl.mp3","Heeft u familie hier?","Record slowly, with clear pauses."
"P2","A1","A1-06","Familia e relacoes","phrase","natural","heeft-u-familie-hier.native.nl.mp3","audio/A1-06/phrases/heeft-u-familie-hier.native.nl.mp3","Heeftu familie hier?","Record at natural Dutch speed."
"P2","A1","A1-06","Familia e relacoes","phrase","slow","mijn-moeder-woont-in-portugal.slow.native.nl.mp3","audio/A1-06/phrases/mijn-moeder-woont-in-portugal.slow.native.nl.mp3","Mijn moeder woont in Portugal.","Record slowly, with clear pauses."
"P2","A1","A1-06","Familia e relacoes","phrase","natural","mijn-moeder-woont-in-portugal.native.nl.mp3","audio/A1-06/phrases/mijn-moeder-woont-in-portugal.native.nl.mp3","M'n moeder woont in Portugal.","Record at natural Dutch speed."
"P2","A1","A1-06","Familia e relacoes","phrase","slow","ik-ben-getrouwd.slow.native.nl.mp3","audio/A1-06/phrases/ik-ben-getrouwd.slow.native.nl.mp3","Ik ben getrouwd.","Record slowly, with clear pauses."
"P2","A1","A1-06","Familia e relacoes","phrase","natural","ik-ben-getrouwd.native.nl.mp3","audio/A1-06/phrases/ik-ben-getrouwd.native.nl.mp3","Ik ben getrouwd.","Record at natural Dutch speed."
"P2","A1","A1-06","Familia e relacoes","dialogue","natural","a1-06-mini-dialogue.native.nl.mp3","audio/A1-06/dialogues/a1-06-mini-dialogue.native.nl.mp3","Pessoa: Goedemorgen. / Aluno: Goedemorgen. / Pessoa: Mijn vrouw woont hier. / Aluno: Sorry, kunt u dat herhalen? / Pessoa: Mijn kinderen zijn op school. / Aluno: Dank u wel. Mijn familie woont hier. Mijn kinderen zijn op school.","Record as a short two-person dialogue with natural interaction"
"P2","A1","A1-07","Casa e rotina","word","natural","huis.native.nl.mp3","audio/A1-07/words/huis.native.nl.mp3","huis","Record isolated word clearly"
"P2","A1","A1-07","Casa e rotina","word","natural","kamer.native.nl.mp3","audio/A1-07/words/kamer.native.nl.mp3","kamer","Record isolated word clearly"
"P2","A1","A1-07","Casa e rotina","word","natural","keuken.native.nl.mp3","audio/A1-07/words/keuken.native.nl.mp3","keuken","Record isolated word clearly"
"P2","A1","A1-07","Casa e rotina","word","natural","badkamer.native.nl.mp3","audio/A1-07/words/badkamer.native.nl.mp3","badkamer","Record isolated word clearly"
"P2","A1","A1-07","Casa e rotina","word","natural","ochtend.native.nl.mp3","audio/A1-07/words/ochtend.native.nl.mp3","ochtend","Record isolated word clearly"
"P2","A1","A1-07","Casa e rotina","word","natural","avond.native.nl.mp3","audio/A1-07/words/avond.native.nl.mp3","avond","Record isolated word clearly"
"P2","A1","A1-07","Casa e rotina","word","natural","uur.native.nl.mp3","audio/A1-07/words/uur.native.nl.mp3","uur","Record isolated word clearly"
"P2","A1","A1-07","Casa e rotina","word","natural","thuis.native.nl.mp3","audio/A1-07/words/thuis.native.nl.mp3","thuis","Record isolated word clearly"
"P2","A1","A1-07","Casa e rotina","phrase","slow","ik-woon-in-den-haag.slow.native.nl.mp3","audio/A1-07/phrases/ik-woon-in-den-haag.slow.native.nl.mp3","Ik woon in Den Haag.","Record slowly, with clear pauses."
"P2","A1","A1-07","Casa e rotina","phrase","natural","ik-woon-in-den-haag.native.nl.mp3","audio/A1-07/phrases/ik-woon-in-den-haag.native.nl.mp3","Ik woon in Den Haag.","Record at natural Dutch speed."
"P2","A1","A1-07","Casa e rotina","phrase","slow","ik-sta-om-zeven-uur-op.slow.native.nl.mp3","audio/A1-07/phrases/ik-sta-om-zeven-uur-op.slow.native.nl.mp3","Ik sta om zeven uur op.","Record slowly, with clear pauses."
"P2","A1","A1-07","Casa e rotina","phrase","natural","ik-sta-om-zeven-uur-op.native.nl.mp3","audio/A1-07/phrases/ik-sta-om-zeven-uur-op.native.nl.mp3","Ik sta om zeven uur op.","Record at natural Dutch speed."
"P2","A1","A1-07","Casa e rotina","phrase","slow","ik-werk-in-de-ochtend.slow.native.nl.mp3","audio/A1-07/phrases/ik-werk-in-de-ochtend.slow.native.nl.mp3","Ik werk in de ochtend.","Record slowly, with clear pauses."
"P2","A1","A1-07","Casa e rotina","phrase","natural","ik-werk-in-de-ochtend.native.nl.mp3","audio/A1-07/phrases/ik-werk-in-de-ochtend.native.nl.mp3","Ik werk in de ochtend.","Record at natural Dutch speed."
"P2","A1","A1-07","Casa e rotina","phrase","slow","ik-ben-in-de-avond-thuis.slow.native.nl.mp3","audio/A1-07/phrases/ik-ben-in-de-avond-thuis.slow.native.nl.mp3","Ik ben in de avond thuis.","Record slowly, with clear pauses."
"P2","A1","A1-07","Casa e rotina","phrase","natural","ik-ben-in-de-avond-thuis.native.nl.mp3","audio/A1-07/phrases/ik-ben-in-de-avond-thuis.native.nl.mp3","Ik ben 's avonds thuis.","Record at natural Dutch speed."
"P2","A1","A1-07","Casa e rotina","phrase","slow","de-kamer-is-schoon.slow.native.nl.mp3","audio/A1-07/phrases/de-kamer-is-schoon.slow.native.nl.mp3","De kamer is schoon.","Record slowly, with clear pauses."
"P2","A1","A1-07","Casa e rotina","phrase","natural","de-kamer-is-schoon.native.nl.mp3","audio/A1-07/phrases/de-kamer-is-schoon.native.nl.mp3","De kamer is schoon.","Record at natural Dutch speed."
"P2","A1","A1-07","Casa e rotina","dialogue","natural","a1-07-mini-dialogue.native.nl.mp3","audio/A1-07/dialogues/a1-07-mini-dialogue.native.nl.mp3","Pessoa: Goedemorgen. / Aluno: Goedemorgen. / Pessoa: Ik woon in Den Haag. / Aluno: Sorry, kunt u dat herhalen? / Pessoa: Ik sta om zeven uur op. / Aluno: Dank u wel. Ik woon in Den Haag. Ik sta om zeven uur op. Ik ben thuis.","Record as a short two-person dialogue with natural interaction"
"P2","A1","A1-08","Compras basicas","word","natural","brood.native.nl.mp3","audio/A1-08/words/brood.native.nl.mp3","brood","Record isolated word clearly"
"P2","A1","A1-08","Compras basicas","word","natural","melk.native.nl.mp3","audio/A1-08/words/melk.native.nl.mp3","melk","Record isolated word clearly"
"P2","A1","A1-08","Compras basicas","word","natural","kaas.native.nl.mp3","audio/A1-08/words/kaas.native.nl.mp3","kaas","Record isolated word clearly"
"P2","A1","A1-08","Compras basicas","word","natural","prijs.native.nl.mp3","audio/A1-08/words/prijs.native.nl.mp3","prijs","Record isolated word clearly"
"P2","A1","A1-08","Compras basicas","word","natural","kassa.native.nl.mp3","audio/A1-08/words/kassa.native.nl.mp3","kassa","Record isolated word clearly"
"P2","A1","A1-08","Compras basicas","word","natural","pin.native.nl.mp3","audio/A1-08/words/pin.native.nl.mp3","pin","Record isolated word clearly"
"P2","A1","A1-08","Compras basicas","word","natural","contant.native.nl.mp3","audio/A1-08/words/contant.native.nl.mp3","contant","Record isolated word clearly"
"P2","A1","A1-08","Compras basicas","word","natural","bon.native.nl.mp3","audio/A1-08/words/bon.native.nl.mp3","bon","Record isolated word clearly"
"P2","A1","A1-08","Compras basicas","phrase","slow","ik-wil-brood-kopen.slow.native.nl.mp3","audio/A1-08/phrases/ik-wil-brood-kopen.slow.native.nl.mp3","Ik wil brood kopen.","Record slowly, with clear pauses."
"P2","A1","A1-08","Compras basicas","phrase","natural","ik-wil-brood-kopen.native.nl.mp3","audio/A1-08/phrases/ik-wil-brood-kopen.native.nl.mp3","Ik wil brood kopen.","Record at natural Dutch speed."
"P2","A1","A1-08","Compras basicas","phrase","slow","hoeveel-kost-dat.slow.native.nl.mp3","audio/A1-08/phrases/hoeveel-kost-dat.slow.native.nl.mp3","Hoeveel kost dat?","Record slowly, with clear pauses."
"P2","A1","A1-08","Compras basicas","phrase","natural","hoeveel-kost-dat.native.nl.mp3","audio/A1-08/phrases/hoeveel-kost-dat.native.nl.mp3","Hoeveel kost dat?","Record at natural Dutch speed."
"P2","A1","A1-08","Compras basicas","phrase","slow","ik-betaal-met-pin.slow.native.nl.mp3","audio/A1-08/phrases/ik-betaal-met-pin.slow.native.nl.mp3","Ik betaal met pin.","Record slowly, with clear pauses."
"P2","A1","A1-08","Compras basicas","phrase","natural","ik-betaal-met-pin.native.nl.mp3","audio/A1-08/phrases/ik-betaal-met-pin.native.nl.mp3","Ik betaal met pin.","Record at natural Dutch speed."
"P2","A1","A1-08","Compras basicas","phrase","slow","heeft-u-een-bon-nodig.slow.native.nl.mp3","audio/A1-08/phrases/heeft-u-een-bon-nodig.slow.native.nl.mp3","Heeft u een bon nodig?","Record slowly, with clear pauses."
"P2","A1","A1-08","Compras basicas","phrase","natural","heeft-u-een-bon-nodig.native.nl.mp3","audio/A1-08/phrases/heeft-u-een-bon-nodig.native.nl.mp3","Heeftu 'n bon nodig?","Record at natural Dutch speed."
"P2","A1","A1-08","Compras basicas","phrase","slow","alstublieft-dank-u-wel.slow.native.nl.mp3","audio/A1-08/phrases/alstublieft-dank-u-wel.slow.native.nl.mp3","Alstublieft, dank u wel.","Record slowly, with clear pauses."
"P2","A1","A1-08","Compras basicas","phrase","natural","alstublieft-dank-u-wel.native.nl.mp3","audio/A1-08/phrases/alstublieft-dank-u-wel.native.nl.mp3","Alsjeblieft/dankuwel.","Record at natural Dutch speed."
"P2","A1","A1-08","Compras basicas","dialogue","natural","a1-08-mini-dialogue.native.nl.mp3","audio/A1-08/dialogues/a1-08-mini-dialogue.native.nl.mp3","Pessoa: Goedemorgen. / Aluno: Goedemorgen. / Pessoa: Ik wil brood kopen. / Aluno: Sorry, kunt u dat herhalen? / Pessoa: Hoeveel kost dat? / Aluno: Dank u wel. Ik wil brood kopen. Hoeveel kost dat? Ik betaal met pin.","Record as a short two-person dialogue with natural interaction"
"P2","A1","A1-09","Transporte basico","word","natural","trein.native.nl.mp3","audio/A1-09/words/trein.native.nl.mp3","trein","Record isolated word clearly"
"P2","A1","A1-09","Transporte basico","word","natural","bus.native.nl.mp3","audio/A1-09/words/bus.native.nl.mp3","bus","Record isolated word clearly"
"P2","A1","A1-09","Transporte basico","word","natural","station.native.nl.mp3","audio/A1-09/words/station.native.nl.mp3","station","Record isolated word clearly"
"P2","A1","A1-09","Transporte basico","word","natural","perron.native.nl.mp3","audio/A1-09/words/perron.native.nl.mp3","perron","Record isolated word clearly"
"P2","A1","A1-09","Transporte basico","word","natural","kaartje.native.nl.mp3","audio/A1-09/words/kaartje.native.nl.mp3","kaartje","Record isolated word clearly"
"P2","A1","A1-09","Transporte basico","word","natural","vertraging.native.nl.mp3","audio/A1-09/words/vertraging.native.nl.mp3","vertraging","Record isolated word clearly"
"P2","A1","A1-09","Transporte basico","word","natural","richting.native.nl.mp3","audio/A1-09/words/richting.native.nl.mp3","richting","Record isolated word clearly"
"P2","A1","A1-09","Transporte basico","word","natural","halte.native.nl.mp3","audio/A1-09/words/halte.native.nl.mp3","halte","Record isolated word clearly"
"P2","A1","A1-09","Transporte basico","phrase","slow","gaat-deze-trein-naar-amsterdam.slow.native.nl.mp3","audio/A1-09/phrases/gaat-deze-trein-naar-amsterdam.slow.native.nl.mp3","Gaat deze trein naar Amsterdam?","Record slowly, with clear pauses."
"P2","A1","A1-09","Transporte basico","phrase","natural","gaat-deze-trein-naar-amsterdam.native.nl.mp3","audio/A1-09/phrases/gaat-deze-trein-naar-amsterdam.native.nl.mp3","Gaat deze trein naar Amsterdam?","Record at natural Dutch speed."
"P2","A1","A1-09","Transporte basico","phrase","slow","waar-is-het-station.slow.native.nl.mp3","audio/A1-09/phrases/waar-is-het-station.slow.native.nl.mp3","Waar is het station?","Record slowly, with clear pauses."
"P2","A1","A1-09","Transporte basico","phrase","natural","waar-is-het-station.native.nl.mp3","audio/A1-09/phrases/waar-is-het-station.native.nl.mp3","Waar is 't station?","Record at natural Dutch speed."
"P2","A1","A1-09","Transporte basico","phrase","slow","de-bus-is-te-laat.slow.native.nl.mp3","audio/A1-09/phrases/de-bus-is-te-laat.slow.native.nl.mp3","De bus is te laat.","Record slowly, with clear pauses."
"P2","A1","A1-09","Transporte basico","phrase","natural","de-bus-is-te-laat.native.nl.mp3","audio/A1-09/phrases/de-bus-is-te-laat.native.nl.mp3","De bus is te laat.","Record at natural Dutch speed."
"P2","A1","A1-09","Transporte basico","phrase","slow","ik-heb-een-kaartje.slow.native.nl.mp3","audio/A1-09/phrases/ik-heb-een-kaartje.slow.native.nl.mp3","Ik heb een kaartje.","Record slowly, with clear pauses."
"P2","A1","A1-09","Transporte basico","phrase","natural","ik-heb-een-kaartje.native.nl.mp3","audio/A1-09/phrases/ik-heb-een-kaartje.native.nl.mp3","Ik heb 'n kaartje.","Record at natural Dutch speed."
"P2","A1","A1-09","Transporte basico","phrase","slow","op-welk-perron.slow.native.nl.mp3","audio/A1-09/phrases/op-welk-perron.slow.native.nl.mp3","Op welk perron?","Record slowly, with clear pauses."
"P2","A1","A1-09","Transporte basico","phrase","natural","op-welk-perron.native.nl.mp3","audio/A1-09/phrases/op-welk-perron.native.nl.mp3","Op welk perron?","Record at natural Dutch speed."
"P2","A1","A1-09","Transporte basico","dialogue","natural","a1-09-mini-dialogue.native.nl.mp3","audio/A1-09/dialogues/a1-09-mini-dialogue.native.nl.mp3","Pessoa: Goedemorgen. / Aluno: Goedemorgen. / Pessoa: Gaat deze trein naar Amsterdam? / Aluno: Sorry, kunt u dat herhalen? / Pessoa: Waar is het station? / Aluno: Dank u wel. Gaat deze trein naar Amsterdam? Op welk perron?","Record as a short two-person dialogue with natural interaction"
"P2","A1","A1-10","Revisao A1","word","natural","uzelf.native.nl.mp3","audio/A1-10/words/uzelf.native.nl.mp3","uzelf","Record isolated word clearly"
"P2","A1","A1-10","Revisao A1","word","natural","werk.native.nl.mp3","audio/A1-10/words/werk.native.nl.mp3","werk","Record isolated word clearly"
"P2","A1","A1-10","Revisao A1","word","natural","formulier.native.nl.mp3","audio/A1-10/words/formulier.native.nl.mp3","formulier","Record isolated word clearly"
"P2","A1","A1-10","Revisao A1","word","natural","gezin.native.nl.mp3","audio/A1-10/words/gezin.native.nl.mp3","gezin","Record isolated word clearly"
"P2","A1","A1-10","Revisao A1","word","natural","boodschappen.native.nl.mp3","audio/A1-10/words/boodschappen.native.nl.mp3","boodschappen","Record isolated word clearly"
"P2","A1","A1-10","Revisao A1","word","natural","route.native.nl.mp3","audio/A1-10/words/route.native.nl.mp3","route","Record isolated word clearly"
"P2","A1","A1-10","Revisao A1","word","natural","vandaag.native.nl.mp3","audio/A1-10/words/vandaag.native.nl.mp3","vandaag","Record isolated word clearly"
"P2","A1","A1-10","Revisao A1","word","natural","morgen.native.nl.mp3","audio/A1-10/words/morgen.native.nl.mp3","morgen","Record isolated word clearly"
"P2","A1","A1-10","Revisao A1","phrase","slow","vertel-iets-over-uzelf.slow.native.nl.mp3","audio/A1-10/phrases/vertel-iets-over-uzelf.slow.native.nl.mp3","Vertel iets over uzelf.","Record slowly, with clear pauses."
"P2","A1","A1-10","Revisao A1","phrase","natural","vertel-iets-over-uzelf.native.nl.mp3","audio/A1-10/phrases/vertel-iets-over-uzelf.native.nl.mp3","Vertel iets over uzelf.","Record at natural Dutch speed."
"P2","A1","A1-10","Revisao A1","phrase","slow","ik-woon-in-nederland-en-ik-werk-vandaag.slow.native.nl.mp3","audio/A1-10/phrases/ik-woon-in-nederland-en-ik-werk-vandaag.slow.native.nl.mp3","Ik woon in Nederland en ik werk vandaag.","Record slowly, with clear pauses."
"P2","A1","A1-10","Revisao A1","phrase","natural","ik-woon-in-nederland-en-ik-werk-vandaag.native.nl.mp3","audio/A1-10/phrases/ik-woon-in-nederland-en-ik-werk-vandaag.native.nl.mp3","Ik woon in Nederland en ik werk vandaag.","Record at natural Dutch speed."
"P2","A1","A1-10","Revisao A1","phrase","slow","ik-heb-het-formulier-en-een-kaartje.slow.native.nl.mp3","audio/A1-10/phrases/ik-heb-het-formulier-en-een-kaartje.slow.native.nl.mp3","Ik heb het formulier en een kaartje.","Record slowly, with clear pauses."
"P2","A1","A1-10","Revisao A1","phrase","natural","ik-heb-het-formulier-en-een-kaartje.native.nl.mp3","audio/A1-10/phrases/ik-heb-het-formulier-en-een-kaartje.native.nl.mp3","Ik heb 't formulier en 'n kaartje.","Record at natural Dutch speed."
"P2","A1","A1-10","Revisao A1","phrase","slow","mijn-gezin-woont-hier.slow.native.nl.mp3","audio/A1-10/phrases/mijn-gezin-woont-hier.slow.native.nl.mp3","Mijn gezin woont hier.","Record slowly, with clear pauses."
"P2","A1","A1-10","Revisao A1","phrase","natural","mijn-gezin-woont-hier.native.nl.mp3","audio/A1-10/phrases/mijn-gezin-woont-hier.native.nl.mp3","M'n gezin woont hier.","Record at natural Dutch speed."
"P2","A1","A1-10","Revisao A1","phrase","slow","kunt-u-de-route-herhalen.slow.native.nl.mp3","audio/A1-10/phrases/kunt-u-de-route-herhalen.slow.native.nl.mp3","Kunt u de route herhalen?","Record slowly, with clear pauses."
"P2","A1","A1-10","Revisao A1","phrase","natural","kunt-u-de-route-herhalen.native.nl.mp3","audio/A1-10/phrases/kunt-u-de-route-herhalen.native.nl.mp3","Kuntu de route herhalen?","Record at natural Dutch speed."
"P2","A1","A1-10","Revisao A1","dialogue","natural","a1-10-mini-dialogue.native.nl.mp3","audio/A1-10/dialogues/a1-10-mini-dialogue.native.nl.mp3","Pessoa: Goedemorgen. / Aluno: Goedemorgen. / Pessoa: Vertel iets over uzelf. / Aluno: Sorry, kunt u dat herhalen? / Pessoa: Ik woon in Nederland en ik werk vandaag. / Aluno: Dank u wel. Ik ben Henrique. Ik woon in Nederland en ik leer Nederlands.","Record as a short two-person dialogue with natural interaction"
